1790674083,118.58
1790674086,118.58
1790674089,118.27
1790674092,118.12
1790674095,112.60
1790674098,106.43
1790674101,99.02
1790674104,92.09
1790674107,86.19
1790674110,80.13
1790674113,51.75
1790674116,51.87
1790674119,51.76
1790674122,51.67
1790674125,51.72
1790674128,51.67
1790674131,51.70
1790674134,51.68
1790674137,51.74
1790674140,51.70
1790674143,51.63
1790674146,51.67
1790674149,52.14
1790674152,51.89
1790674155,51.95
1790674158,51.98
1790674161,52.05
1790674164,52.27
1790674167,52.33
1790674170,52.36
1790674173,52.38
1790674176,52.41
1790674179,52.43
1790674182,52.45
1790674185,52.38
1790674188,52.36
1790674191,52.25
1790674194,52.14
1790674197,52.19
1790674200,52.21
1790674203,52.24
1790674206,52.22
1790674209,52.17
1790674212,52.19
1790674215,52.20
1790674218,52.22
1790674221,52.25
1790674224,52.43
1790674227,52.34
1790674230,52.25
1790674233,52.28
1790674236,52.31
1790674239,52.42
1790674242,52.40
1790674245,52.43
1790674248,52.54
1790674251,52.48
1790674254,52.50
1790674257,77.45
1790674260,52.42
1790674263,52.38
1790674266,52.39
1790674269,52.38
1790674272,52.40
1790674275,52.53
1790674278,52.56
1790674281,52.59
1790674284,52.47
1790674287,52.49
1790674290,70.63
1790674293,49.56
1790674296,48.03
1790674299,47.93
1790674302,47.90
1790674305,72.54
1790674308,45.65
1790674311,10.69
1790674314,10.18
1790674318,10.16
1790674322,9.70
1790674325,7.43
1790674328,5.43
1790674331,3.31
1790674334,1.23
1790674337,0.95
1790674341,0.92
1790674344,0.86
1790674347,0.78
1790674350,0.78
1790674353,0.73
1790674357,0.73
1790674360,0.74
1790674363,0.70
1790674366,0.72
1790674369,0.72
1790674372,0.73
1790674375,0.73
1790674378,0.73
1790674381,0.74
1790674384,0.72
1790674393,1.15
1790674397,1.40
1790674400,1.43
1790674403,1.20
1790674406,1.37
1790674409,1.21
1790674412,1.07
1790674415,1.18
1790674418,0.83
1790674421,0.90
1790674424,29.23
1790674427,48.07
1790674430,105.00
1790674433,105.15
1790674436,104.61
1790674439,104.10
1790674442,103.57
1790674445,103.06
1790674448,102.53
1790674451,101.97
1790674454,101.37
1790674457,100.76
1790674460,100.17
1790674463,99.69
1790674466,99.63
1790674469,99.61
1790674472,99.59
1790674475,99.57
1790674478,99.55
1790674481,99.51
1790674484,99.49
1790674487,99.49
1790674490,99.48
1790674493,99.45
1790674497,99.42
1790674500,99.41
1790674503,99.39
1790674506,99.37
1790674509,98.91
1790674512,98.78
1790674515,98.72
1790674518,98.35
1790674521,98.04
1790674524,98.00
1790674527,97.99
1790674530,97.97
1790674533,97.90
1790674536,97.51
1790674539,97.32
1790674542,97.29
1790674545,97.28
1790674548,97.06
1790674551,96.65
1790674554,96.46
1790674557,96.48
1790674560,96.48
1790674563,96.48
1790674566,96.49
1790674569,96.63
1790674572,99.51
